{
  "project_info": {
    "project_number": "1058993068129",
    "firebase_url": "https://alarmreminder-2eb04.firebaseio.com",
    "project_id": "alarmreminder-2eb04",
    "storage_bucket": "alarmreminder-2eb04.appspot.com"
  },
  "client": [
    {
      "client_info": {
        "mobilesdk_app_id": "1:1058993068129:android:cdc921c061502bc5",
        "android_client_info": {
          "package_name": "com.delaroystudios.alarmreminder"
        }
      },
      "oauth_client": [
        {
          "client_id": "1058993068129-dpjv34fdi63g54rubhkifrlu021vjrco.apps.googleusercontent.com",
          "client_type": 1,
          "android_info": {
            "package_name": "com.delaroystudios.alarmreminder",
            "certificate_hash": "da67a4f7d5ae637c673eac4fbbe0fc9bd5d7cf4b"
          }
        },
        {
          "client_id": "1058993068129-bohtc35ge25temgbhsjb1io61rgnl41u.apps.googleusercontent.com",
          "client_type": 3
        }
      ],
      "api_key": [
        {
          "current_key": "AIzaSyDss4tBQE8SjjKmfQdVheccXoxOsJaolF4"
        }
      ],
      "services": {
        "analytics_service": {
          "status": 1
        },
        "appinvite_service": {
          "status": 2,
          "other_platform_oauth_client": [
            {
              "client_id": "1058993068129-bohtc35ge25temgbhsjb1io61rgnl41u.apps.googleusercontent.com",
              "client_type": 3
            }
          ]
        },
        "ads_service": {
          "status": 2
        }
      }
    }
  ],
  "configuration_version": "1"
}